Datetime,Water Level (m)
2025-12-18 00:00:00,-0.17799266
2025-12-18 01:00:00,-0.32170892
2025-12-18 02:00:00,-0.42527172
2025-12-18 03:00:00,-0.4147675
2025-12-18 04:00:00,-0.28470743
2025-12-18 05:00:00,-0.13544601
2025-12-18 06:00:00,0.013329082
2025-12-18 07:00:00,0.114603974
2025-12-18 08:00:00,0.105705895
2025-12-18 09:00:00,0.0005176058
2025-12-18 10:00:00,-0.12087544
2025-12-18 11:00:00,-0.26081976
2025-12-18 12:00:00,-0.3944521
2025-12-18 13:00:00,-0.51498437
2025-12-18 14:00:00,-0.57676435
2025-12-18 15:00:00,-0.48274222
2025-12-18 16:00:00,-0.3181524
2025-12-18 17:00:00,-0.10899481
2025-12-18 18:00:00,0.103574485
2025-12-18 19:00:00,0.27878505
2025-12-18 20:00:00,0.36769223
2025-12-18 21:00:00,0.3233512
2025-12-18 22:00:00,0.19599704
2025-12-18 23:00:00,0.046716664
2025-12-19 00:00:00,-0.10897778
2025-12-19 01:00:00,-0.26508576
2025-12-19 02:00:00,-0.39372253
2025-12-19 03:00:00,-0.4676386
2025-12-19 04:00:00,-0.39035404
2025-12-19 05:00:00,-0.2357619
2025-12-19 06:00:00,-0.07001403
2025-12-19 07:00:00,0.07571843
2025-12-19 08:00:00,0.14046142
2025-12-19 09:00:00,0.07430636
2025-12-19 10:00:00,-0.039424397
2025-12-19 11:00:00,-0.17012922
2025-12-19 12:00:00,-0.31499973
2025-12-19 13:00:00,-0.44373864
2025-12-19 14:00:00,-0.5522464
2025-12-19 15:00:00,-0.56739885
2025-12-19 16:00:00,-0.42855042
2025-12-19 17:00:00,-0.23861954
2025-12-19 18:00:00,-0.014321066
2025-12-19 19:00:00,0.20925862
2025-12-19 20:00:00,0.3937405
2025-12-19 21:00:00,0.43777934
2025-12-19 22:00:00,0.33360246
2025-12-19 23:00:00,0.19000958
2025-12-20 00:00:00,0.023673665
2025-12-20 01:00:00,-0.13924071
2025-12-20 02:00:00,-0.2970187
2025-12-20 03:00:00,-0.41351464
2025-12-20 04:00:00,-0.44260636
2025-12-20 05:00:00,-0.31220984
2025-12-20 06:00:00,-0.14753924
2025-12-20 07:00:00,0.02016302
2025-12-20 08:00:00,0.14485964
2025-12-20 09:00:00,0.15921772
2025-12-20 10:00:00,0.056934543
2025-12-20 11:00:00,-0.06470555
2025-12-20 12:00:00,-0.20394737
2025-12-20 13:00:00,-0.34981596
2025-12-20 14:00:00,-0.4774691
2025-12-20 15:00:00,-0.5683874
2025-12-20 16:00:00,-0.5209291
2025-12-20 17:00:00,-0.3542533
2025-12-20 18:00:00,-0.14140011
2025-12-20 19:00:00,0.08836113
2025-12-20 20:00:00,0.31420943
2025-12-20 21:00:00,0.45572513
2025-12-20 22:00:00,0.4223862
2025-12-20 23:00:00,0.28770494
2025-12-21 00:00:00,0.12902312
2025-12-21 01:00:00,-0.0381545
2025-12-21 02:00:00,-0.20382741
2025-12-21 03:00:00,-0.35455576
2025-12-21 04:00:00,-0.45546865
2025-12-21 05:00:00,-0.42411175
2025-12-21 06:00:00,-0.26843977
2025-12-21 07:00:00,-0.094066575
2025-12-21 08:00:00,0.07111232
2025-12-21 09:00:00,0.16585532
2025-12-21 10:00:00,0.12592138
2025-12-21 11:00:00,0.01061246
2025-12-21 12:00:00,-0.11751977
2025-12-21 13:00:00,-0.2638633
2025-12-21 14:00:00,-0.39995325
2025-12-21 15:00:00,-0.5228318
2025-12-21 16:00:00,-0.5793062
2025-12-21 17:00:00,-0.47131944
2025-12-21 18:00:00,-0.28954777
2025-12-21 19:00:00,-0.061148107
2025-12-21 20:00:00,0.17622434
2025-12-21 21:00:00,0.38947463
2025-12-21 22:00:00,0.4678562
2025-12-21 23:00:00,0.36863998
2025-12-22 00:00:00,0.22502139
2025-12-22 01:00:00,0.05562598
2025-12-22 02:00:00,-0.11423673
2025-12-22 03:00:00,-0.27947313
2025-12-22 04:00:00,-0.40930584
2025-12-22 05:00:00,-0.47087708
2025-12-22 06:00:00,-0.3637586
2025-12-22 07:00:00,-0.1962446
2025-12-22 08:00:00,-0.020814223
2025-12-22 09:00:00,0.12451377
2025-12-22 10:00:00,0.17350331
2025-12-22 11:00:00,0.090414576
2025-12-22 12:00:00,-0.02785605
2025-12-22 13:00:00,-0.1633833
2025-12-22 14:00:00,-0.31069967
2025-12-22 15:00:00,-0.44057468
2025-12-22 16:00:00,-0.5489764
2025-12-22 17:00:00,-0.54945856
2025-12-22 18:00:00,-0.39317337
2025-12-22 19:00:00,-0.18450105
2025-12-22 20:00:00,0.052203443
2025-12-22 21:00:00,0.29183704
2025-12-22 22:00:00,0.46953255
2025-12-22 23:00:00,0.45793343
2025-12-23 00:00:00,0.32709047
2025-12-23 01:00:00,0.17170838
2025-12-23 02:00:00,-0.0033169647
2025-12-23 03:00:00,-0.17135094
2025-12-23 04:00:00,-0.32875183
2025-12-23 05:00:00,-0.43595654
2025-12-23 06:00:00,-0.4303852
2025-12-23 07:00:00,-0.28164554
2025-12-23 08:00:00,-0.1076368
2025-12-23 09:00:00,0.06509299
2025-12-23 10:00:00,0.18497938
2025-12-23 11:00:00,0.185293
2025-12-23 12:00:00,0.07817059
2025-12-23 13:00:00,-0.04556488
2025-12-23 14:00:00,-0.18692537
2025-12-23 15:00:00,-0.334344
2025-12-23 16:00:00,-0.45828396
2025-12-23 17:00:00,-0.5397733
2025-12-23 18:00:00,-0.46938634
2025-12-23 19:00:00,-0.29192886
2025-12-23 20:00:00,-0.07195593
2025-12-23 21:00:00,0.1637254
2025-12-23 22:00:00,0.38530183
2025-12-23 23:00:00,0.4844719
2025-12-24 00:00:00,0.39988
